{
  "project_info": {
    "project_number": "125243152227",
    "firebase_url": "https://where-to-go-fa5ce.firebaseio.com",
    "project_id": "where-to-go-fa5ce",
    "storage_bucket": "where-to-go-fa5ce.appspot.com"
  },
  "client": [
    {
      "client_info": {
        "mobilesdk_app_id": "1:125243152227:android:85d75567635f1a7fb5a556",
        "android_client_info": {
          "package_name": "com.example.wheretogo"
        }
      },
      "oauth_client": [
        {
          "client_id": "125243152227-3593t0tfebq7np6vnq6et84u9ocsop81.apps.googleusercontent.com",
          "client_type": 1,
          "android_info": {
            "package_name": "com.example.wheretogo",
            "certificate_hash": "3ce23aaab6e1bbb7c347b08084c83c6b7259bd57"
          }
        },
        {
          "client_id": "125243152227-cmfptnrs7mjmsejnmtd8ggi7kc0kst8m.apps.googleusercontent.com",
          "client_type": 3
        }
      ],
      "api_key": [
        {
          "current_key": "AIzaSyD2i8foheU2UdBak0F3MPW7Ew2-uvHKUTI"
        }
      ],
      "services": {
        "appinvite_service": {
          "other_platform_oauth_client": [
            {
              "client_id": "125243152227-cmfptnrs7mjmsejnmtd8ggi7kc0kst8m.apps.googleusercontent.com",
              "client_type": 3
            }
          ]
        }
      }
    }
  ],
  "configuration_version": "1"
}